http://courrier.jp/blog/,クーリエジャポンの現場から
http://www.geocities.co.jp/MusicStar-Guitar/7543/,Gore Death
http://d.hatena.ne.jp/kiyomiya/,世界沈没紙芝居
http://someyoung.web.fc2.com/,染谷翔の自転車世界一周ﾜﾛｽｗ
http://zenhabits.net/,ZenHabits
http://blog.goo.ne.jp/uranus1932,ちゃりブログ
http://www.geocities.jp/zzr_1100c22004/contents_terameshi_club_top.html,テラめし倶楽部
http://www.forest.impress.co.jp/library/software/doukutsu/,洞窟物語
http://lucea.grandioso.info/,NeoLuce
http://hp1.cyberstation.ne.jp/hikyoueki/,秘境駅へ行こう
http://aplysia.blog67.fc2.com/,やわらかいなにか
http://yancha.sub.jp/,やんちゃシステム
http://www.followjp.com/,本日のツイッターRTランキング
http://www.masahiro-ito.net/,写真家 伊藤雅浩
http://thoughts.asablo.jp/blog/,気がつけば82歳
http://den.posthaven.com/,Den
